序号,简体字,繁体字,拼音,六书类别,部首,笔画数,本义(原始),复核结论(人工填写)
1,匕,匕,bǐ,会意,匕,2,相與比敘也,
2,刁,刁,diāo,会意,刀,2,古者軍有刁斗（出《康熙字典》）,
3,几,幾,jī/jǐ,会意,几,2,微也。殆也,
4,乃,乃,nǎi,会意,丿,2,曳詞之難也。象气之出難,
5,乂,乂,yì,会意,丿,2,芟艸也,
6,彳,彳,chì,会意,彳,3,小步也。象人脛三屬相連也,
7,亍,亍,chù,会意,二,3,步止也,
8,凡,凡,fán,会意,几,3,最括也,
9,干,幹,gān/gàn,会意,干,3,犯也,
10,久,久,jiǔ,会意,丿,3,以後灸之，象人兩脛後有距也。《周禮》曰：“久諸牆以觀其橈。”,
11,及,及,jí,会意,又,3,逮也,
12,巾,巾,jīn,会意,巾,3,佩巾也,
13,乞,乞,qǐ,会意,乙,3,求取、乞求,
14,丸,丸,wán,会意,丶,3,圜，傾側而轉者,
15,亡,亾,wáng,会意,亠,3,逃也,
16,卫,衛,wèi,会意,卩,3,守卫、保护,
17,兀,兀,wù,会意,儿,3,高而上平也,
18,乡,鄉,xiāng,会意,幺,3,乡村、家乡,
19,习,習,xí,会意,乙,3,數飛也,
20,弋,弋,yì,会意,弋,3,橜也。象折木衺銳著形,
21,义,義,yí,会意,丶,3,己之威儀也。從我、羊,
22,亏,虧,yú,会意,二,3,於也。象气之舒亏,
23,与,與,yǔ/yù,会意,一,3,黨與也,
24,丈,丈,zhàng,会意,一,3,十尺也,
25,比,比,bǐ,会意,比,4,密也,
26,尺,尺,chǐ,会意,尸,4,十寸也。人手卻十分動脈爲寸口。十寸爲尺。尺，所以指尺䂓榘事也,
27,从,從,cóng,会意,人,4,两人相随,
28,分,分,fēn,会意,刀,4,以刀分割,
29,反,反,fǎn,会意,又,4,手攀崖（攀的本字），引申为翻转,
30,夬,夬,guài,会意,大,4,分決也,
31,丐,匃,gài,会意,一,4,气也。逯安說：亡人爲匄,
32,公,公,gōng,会意,八,4,背私为公,
33,幻,幻,huàn,会意,幺,4,相詐惑也,
34,见,見,jiàn,会意,見,4,人睁大眼睛看，上目下人,
35,介,介,jiè,会意,人,4,畫也,
36,计,計,jì,会意,言,4,會也,
37,巨,巨,jù,会意,匚,4,規巨也,
38,今,今,jīn,会意,人,4,口含物（含的本字），引申为现在,
39,开,開,kāi,会意,廾,4,两扇门打开,
40,孔,孔,kǒng,会意,子,4,通也,
41,仑,侖,lún,会意,人,4,思也,
42,内,內,nèi,会意,冂,4,从外面进入里面（纳的本字）,
43,区,區,qū,会意,匚,4,踦區，藏匿也,
44,仁,仁,rén,会意,人,4,親也,
45,冗,冗,rǒng,会意,冖,4,多余、闲散,
46,双,雙,shuāng,会意,又,4,隹二枚也,
47,什,什,shén/shí,会意,人,4,相什保也,
48,勿,勿,wù,会意,勹,4,州里所建旗。象其柄，有三游。雜帛，幅半異。所以趣民，故遽，稱勿勿,
49,毋,毋,wú,会意,毋,4,止之也,
50,午,午,wǔ,会意,十,4,啎也。五月，陰气午逆陽。冒地而出。此予矢同意,
51,凶,兇,xiōng,会意,凵,4,惡也。象地穿交陷其中也,
52,兮,兮,xī,会意,八,4,語所稽也,
53,元,元,yuán,会意,儿,4,始也,
54,爻,爻,yáo,会意,爻,4,交也。象《易》六爻頭交也,
55,艺,𡎐,yì,会意,艸,4,種也,
56,刈,乂,yì,会意,刀,4,芟艸也,
57,匀,勻,yún,会意,勹,4,少也,
58,卬,𠨐,yǎng,会意,卩,4,望，欲有所庶及也,
59,引,引,yǐn,会意,弓,4,開弓也,
60,尹,尹,yǐn,会意,尸,4,治也,
61,友,友,yǒu,会意,又,4,同𢖽爲友,
62,支,支,zhī,会意,支,4,去竹之枝也,
63,屯,屯,zhūn,会意,屮,4,難也。象艸木之初生。屯然而難,
64,止,止,zhǐ,会意,止,4,下基也。象艸木出有址，故以止爲足,
65,仄,仄,zè,会意,人,4,側傾也,
66,半,半,bàn,会意,十,5,牛中分,
67,北,北,běi,会意,匕,5,两人相背（背的本字），引申为北方,
68,丙,丙,bǐng,会意,一,5,位南方，萬物成，炳然。陰气初起，陽气將虧,
69,出,出,chū,会意,凵,5,進也,
70,处,處,chǔ/chù,会意,夂,5,人靠几案止息,
71,戋,戔,cán,会意,戈,5,賊也,
72,匆,匆,cōng,会意,勹,5,急促、匆忙,
73,对,對,duì,会意,寸,5,手持烛火照明,
74,东,東,dōng,会意,一,5,日升木中，表示东方,
75,氐,氐,dǐ,会意,氏,5,至也,
76,氾,氾,fàn,会意,水,5,濫也,
77,付,付,fù,会意,人,5,與也,
78,弗,弗,fú,会意,弓,5,撟也,
79,归,歸,guī,会意,彐,5,女子出嫁（回到夫家）,
80,古,古,gǔ,会意,口,5,口中说出十代相传之事,
81,卉,卉,huì,会意,十,5,艸之緫名也,
82,夯,夯,hāng,会意,大,5,近壑上聲（出《康熙字典》）,
83,加,加,jiā,会意,力,5,言语夸大,
84,纠,糾,jiū,会意,糸,5,繩三合也,
85,甲,甲,jiǎ,会意,田,5,東方之孟，陽气萌動,
86,卟,卟,jī,会意,卜,5,卜以問疑也,
87,且,且,jū,会意,一,5,薦也,
88,另,另,lìng,会意,口,5,分居也，割開也（出《康熙字典》）,
89,令,令,lìng/líng,会意,人,5,發號也,
90,奴,奴,nú,会意,女,5,奴、婢，皆古之辠人也。《周禮》曰：“其奴，男子入于辠隸，女子入于舂藁。”,
91,平,平,píng,会意,干,5,口气平直舒展，表示平正,
92,叵,叵,pǒ,会意,口,5,不可也,
93,囚,囚,qiú,会意,囗,5,繫也,
94,阡,阡,qiān,会意,阜,5,路東西爲陌，南北爲阡,
95,仝,仝,quán,会意,人,5,完也,
96,帅,帥,shuài,会意,巾,5,佩巾也,
97,甩,甩,shuǎi,会意,用,5,挥动、抛开,
98,市,市,shì,会意,巾,5,買賣所之也,
99,仕,仕,shì,会意,人,5,學也,
100,申,申,shēn,会意,田,5,神也。七月，陰气成，體自申束,
101,生,生,shēng,会意,生,5,草木从土中长出，屮(草)下一横为土,
102,闪,閃,shǎn,会意,門,5,闚頭門中也,
103,史,史,shǐ,会意,口,5,記事者也,
104,司,司,sī,会意,口,5,臣司事於外者,
105,台,臺,tái/tāi,会意,口,5,觀，四方而高者,
106,讨,討,tǎo,会意,言,5,治也,
107,外,外,wài,会意,夕,5,遠也,
108,未,未,wèi,会意,木,5,味也。六月，滋味也。五行，木老於未。象木重枝葉也,
109,戊,戊,wù,会意,戈,5,中宮也。象六甲五龍相拘絞也。戊承丁，象人脅,
110,兄,兄,xiōng,会意,儿,5,人张口祷告，兄长为家族祭祀者,
111,玄,玄,xuán,会意,玄,5,幽遠也。黑而有赤色者爲玄。象幽而入覆之也,
112,业,業,yè,会意,一,5,大版也。所以飾縣鍾鼓。捷業如鋸齒，以白畫之。象其鉏鋙相承也,
113,印,印,yìn,会意,卩,5,執政所持信也,
114,右,右,yòu,会意,口,5,右手加口表示帮助（佑），右手常用以进食,
115,幼,幼,yòu,会意,幺,5,少也,
116,驭,御,yù,会意,彳,5,使馬也,
117,孕,孕,yùn,会意,子,5,褢子也,
118,央,央,yāng,会意,大,5,中央也,
119,永,永,yǒng,会意,水,5,長也。象水坙理之長。《詩》曰：“江之永矣。”,
120,乍,乍,zhà,会意,丿,5,止也，一曰亡也,
121,正,正,zhèng/zhēng,会意,止,5,是也,
122,占,佔,zhān,会意,卜,5,視兆問也,
123,卮,卮,zhī,会意,卩,5,圜器也。一名觛。所以節飲食。象人，卪在其下也。《易》曰：“君子節飲食。”,
124,左,左,zuǒ,会意,工,5,左手，以左手辅助工作,
125,闭,閉,bì,会意,門,6,门关上,
126,冰,冰,bīng,会意,冫,6,水凝结为冰,
127,阪,阪,bǎn,会意,阜,6,坡者曰阪。一曰澤障。一曰山脅也,
128,创,刅,chuàng/chuāng,会意,刀,6,傷也,
129,舛,舛,chuǎn,会意,舛,6,對臥也,
130,闯,闖,chèn,会意,門,6,馬出門皃,
131,尘,塵,chén,会意,小,6,鹿奔跑扬起的细土,
132,丞,丞,chéng,会意,一,6,翊也,
133,弛,弛,chí,会意,弓,6,弓解也,
134,冲,沖,chōng/chòng,会意,冫,6,涌搖也,
135,此,此,cǐ,会意,止,6,人站立此地（止+人）,
136,吊,吊,diào,会意,口,6,字俗弔（出《康熙字典》）,
137,丢,丟,diū,会意,一,6,（后起字，无古本义）,
138,夺,奪,duó,会意,大,6,手持隹失之也,
139,多,多,duō,会意,夕,6,两块肉（夕即肉），肉多则丰盛，会意数量大,
140,伐,伐,fá,会意,人,6,擊也,
141,负,負,fù,会意,貝,6,恃也,
142,妇,婦,fù,会意,女,6,女子持扫帚，表示已婚妇女,
143,伏,伏,fú,会意,人,6,司也,
144,凫,鳧,fú,会意,鳥,6,舒鳧，鶩也,
145,光,光,guāng,会意,儿,6,人头上火光，表示光亮,
146,圭,圭,guī,会意,土,6,瑞玉也。上圜下方。公執桓圭，九寸；矦執信圭，伯執躬圭，皆七寸；子執穀璧，男執蒲璧,
147,各,各,gè,会意,口,6,脚到达门口（来至）,
148,艮,艮,gèn,会意,艮,6,很也,
149,共,共,gòng,会意,八,6,双手捧物（供的本字）,
150,划,畫,huá/huà,会意,刀,6,界也。象田四界。聿，所以畫之,
151,华,華,huá/huà,会意,十,6,榮也,
152,会,會,huì/kuài,会意,人,6,聚合,
153,灰,灰,huī,会意,火,6,死火餘㶳也,
154,合,合,hé,会意,口,6,合口也,
155,后,後,hòu,会意,口,6,后来居后,
156,好,好,hǎo/hào,会意,女,6,女子怀抱婴儿，表示美好、亲善,
157,件,件,jiàn,会意,人,6,分也,
158,匠,匠,jiàng,会意,匚,6,木工也,
159,夹,夾,jiā/jiá/gā,会意,大,6,持也,
160,尖,尖,jiān,会意,小,6,小細也（出《玉篇》）,
161,决,決,jué,会意,冫,6,水冲破堤防,
162,吉,吉,jí,会意,口,6,善也,
163,汲,汲,jí,会意,水,6,引水於井也,
164,乩,卟,jī,会意,乙,6,卜以問疑也,
165,军,軍,jūn,会意,冖,6,圜圍也（围圈驻扎，四千人一军）,
166,阱,阱,jǐng,会意,阜,6,陷也,
167,匡,匡,kuāng,会意,匚,6,飲器，筥也,
168,耒,耒,lěi,会意,耒,6,手耕曲木也,
169,名,名,míng,会意,口,6,天黑自报姓名,
170,牟,牟,móu,会意,牛,6,牛鳴也,
171,买,買,mǎi,会意,十,6,网+贝，用贝（钱）获取物品,
172,讷,訥,nè,会意,言,6,言難也,
173,农,農,nóng,会意,冖,6,同䢉（出《玉篇》）,
174,乓,乓,pāng,会意,丿,6,乒乓（后起字，无古本义）,
175,乒,乒,pīng,会意,丿,6,乒乓球（后起字，无古本义）,
176,伣,俔,qiàn,会意,人,6,譬諭也。一曰間見,
177,乔,喬,qiáo,会意,丿,6,高而曲也,
178,全,全,quán,会意,入,6,完整齐备,
179,庆,慶,qìng,会意,广,6,行賀人也,
180,戎,戎,róng,会意,戈,6,《說文》作𢦦，兵也（出《玉篇》）,
181,如,如,rú,会意,女,6,从隨也,
182,设,設,shè,会意,言,6,施陳也,
183,戍,戍,shù,会意,戈,6,守邊也,
184,屾,屾,shēn,会意,山,6,二山也,
185,师,師,shī,会意,巾,6,二千五百人爲師,
186,守,守,shǒu,会意,宀,6,守官也,
187,色,色,sè/shǎi,会意,色,6,顔气也,
188,夙,𡖊,sù,会意,夕,6,早敬也,
189,孙,孫,sūn,会意,子,6,子之子，表示孙子辈,
190,扫,埽,sǎo/sào,会意,手,6,棄也,
191,死,死,sǐ,会意,歹,6,人在朽骨旁，表示死亡,
192,危,危,wēi,会意,卩,6,在高而懼也,
193,伍,伍,wǔ,会意,人,6,相參伍也,
194,向,向,xiàng,会意,口,6,北出牖也,
195,协,協,xié,会意,十,6,眾之同和也,
196,页,頁,xié,会意,頁,6,頭也,
197,先,先,xiān,会意,儿,6,前進也,
198,休,休,xiū,会意,人,6,人靠在树旁休息,
199,亘,亘,xuān,会意,二,6,求亘也,
200,旬,旬,xún,会意,日,6,徧也。十日爲旬,
201,寻,尋,xún,会意,寸,6,繹也（出《玉篇》）,
202,兴,興,xīng/xìng,会意,八,6,起也,
203,戌,戌,xū,会意,戈,6,滅也。九月，陽气微，萬物畢成，陽下入地也。五行，土生於戊，盛於戌,
204,阮,阮,yuán,会意,阜,6,代郡五阮關也,
205,尧,堯,yáo,会意,尢,6,高也,
206,夷,夷,yí,会意,大,6,平也,
207,聿,聿,yù,会意,聿,6,所以書也。楚謂之聿，吳謂之不律，燕謂之弗,
208,伊,伊,yī,会意,人,6,殷聖人阿衡，尹治天下者,
209,因,因,yīn,会意,囗,6,就也,
210,仰,仰,yǎng,会意,人,6,舉也,
211,众,眾,zhòng,会意,人,6,多也,
212,纣,紂,zhòu,会意,糸,6,馬緧也,
213,伫,佇,zhù,会意,人,6,久立也,
214,争,爭,zhēng,会意,爪,6,引也,
215,芝,芝,zhī,会意,艸,6,神艸也,
216,朱,朱,zhū,会意,木,6,赤心木。松柏屬,
217,再,再,zài,会意,冂,6,一舉而二也,
218,则,則,zé,会意,刀,6,等畫物也,
219,早,早,zǎo,会意,日,6,晨也,
220,安,安,ān,会意,宀,6,女子在屋中，平安安宁,
221,别,別,bié,会意,刀,7,以刀分骨,
222,杓,杓,biāo,会意,木,7,枓柄也,
223,报,報,bào,会意,手,7,當罪人也,
224,孛,孛,bèi,会意,子,7,𢍚也,
225,步,步,bù,会意,止,7,两脚一前一后，行走,
226,陂,陂,bēi/pí,会意,阜,7,阪也。一曰沱也,
227,兵,兵,bīng,会意,八,7,械也,
228,坂,阪,bǎn,会意,土,7,坡者曰阪。一曰澤障。一曰山脅也,
229,吹,吹,chuī,会意,口,7,人张口出气,
230,岔,岔,chà,会意,山,7,三分路也，與汊同（出《康熙字典》）,
231,彻,徹,chè,会意,彳,7,通也,
232,赤,赤,chì,会意,赤,7,大火，大火之色为赤,
233,饬,飭,chì,会意,食,7,致堅也,
234,初,初,chū,会意,衣,7,用刀裁衣之始,
235,词,詞,cí,会意,言,7,意内而言外也,
236,甸,甸,diàn,会意,田,7,天子五百里地,
237,狄,狄,dí,会意,犬,7,赤狄，本犬種。狄之爲言淫辟也,
238,呆,呆,dāi,会意,口,7,古文某字（出《康熙字典》）,
239,吠,吠,fèi,会意,口,7,犬鳴也,
240,孚,孚,fú,会意,子,7,卵孚也,
241,告,告,gào,会意,口,7,牛叫（或牛在口前祭祀）,
242,改,改,gǎi,会意,攴,7,变更,
243,谷,谷,gǔ,会意,谷,7,两山之间的流水道,
244,奂,奐,huàn,会意,大,7,取奐也。一曰大也,
245,戒,戒,jiè,会意,戈,7,警也,
246,劫,劫,jié,会意,力,7,人欲去，以力脅止曰劫。或曰以力止去曰劫,
247,坚,堅,jiān,会意,土,7,剛也,
248,间,間,jiān/jiàn,会意,門,7,门中见月（缝隙）,
249,即,即,jí,会意,卩,7,卽今作即（出《康熙字典》）,
250,局,局,jú,会意,尸,7,局限,
251,君,君,jūn,会意,口,7,尹（治理）+口，发号施令者,
252,库,庫,kù,会意,广,7,兵車藏也,
253,困,困,kùn,会意,囗,7,木在口中，被围困,
254,连,連,lián,会意,辵,7,车相连接,
255,乱,亂,luàn,会意,舌,7,治也,
256,岚,嵐,lán,会意,山,7,山名,
257,劳,勞,láo,会意,艸,7,劇也,
258,牢,牢,láo,会意,宀,7,閑，養牛馬圈也,
259,泐,泐,lè,会意,水,7,水石之理也,
260,利,利,lì,会意,刀,7,銛也,
261,免,免,miǎn,会意,儿,7,去也（出《玉篇》）,
262,麦,麥,mài,会意,麥,7,芒穀，秋穜厚薶，故謂之麥。麥，金也。金王而生，火王而死,
263,尨,尨,máng,会意,尢,7,犬之多毛者,
264,没,沒,méi/mò,会意,水,7,沈也,
265,汨,汨,mì,会意,水,7,長沙汨羅淵，屈原所沈之水,
266,芈,羋,mǐ,会意,羊,7,羊鳴也,
267,尿,尿,niào,会意,尸,7,人小便也,
268,男,男,nán,会意,田,7,田+力，在田中用力者为男,
269,佞,佞,nìng,会意,人,7,巧讇高材也,
270,弄,弄,nòng/lòng,会意,廾,7,玩也,
271,扳,𠬜,pān,会意,手,7,引也,
272,佥,僉,qiān,会意,人,7,皆也,
273,羌,羌,qiāng,会意,羊,7,西戎牧羊人也,
274,弃,棄,qì,会意,廾,7,捐也,
275,汭,汭,ruì,会意,水,7,水相入也,
276,妊,妊,rèn,会意,女,7,孕也,
277,闰,閏,rùn,会意,門,7,餘分之月，五歲再閏，告朔之禮，天子居宗廟，閏月居門中,
278,社,社,shè,会意,示,7,地主也,
279,束,束,shù,会意,木,7,縛也,
280,沙,沙,shā,会意,水,7,水旁细碎的石粒,
281,删,刪,shān,会意,刀,7,剟也,
282,芟,芟,shān,会意,艸,7,刈艸也,
283,豕,豕,shǐ,会意,豕,7,彘也。竭其尾，故謂之豕。象毛足而後有尾。讀與豨同。(桉：今丗字，誤以豕爲彘，以彘,
284,宋,宋,sòng,会意,宀,7,居也,
285,妥,妥,tuǒ,会意,女,7,女字（出《玉篇》）,
286,彤,彤,tóng,会意,彡,7,丹飾也,
287,投,投,tóu,会意,手,7,擿也,
288,位,位,wèi,会意,人,7,列中庭之左右謂之位,
289,𫘜,馼,wén,会意,馬,7,馬赤鬣縞身，目若黃金，名曰𩢌。吉皇之乘，周文王時，犬戎獻之,
290,吴,吳,wú,会意,口,7,姓也。亦郡也。一曰吳，大言也,
291,尾,尾,wěi/yǐ,会意,尸,7,尾巴,
292,孝,孝,xiào,会意,子,7,善事父母者,
293,闲,閑,xián,会意,門,7,闌也,
294,伭,伭,xián,会意,人,7,很也,
295,秀,秀,xiù,会意,禾,7,上諱。漢光武帝名也,
296,县,縣,xuán,会意,厶,7,繫也,
297,忾,愾,xì,会意,心,7,大息也,
298,陉,陘,xíng,会意,阜,7,山絕坎也,
299,希,希,xī,会意,巾,7,摩也（出《玉篇》）,
300,辛,辛,xīn,会意,辛,7,秋時萬物成而孰；金剛，味辛，辛痛即泣出,
301,言,言,yán,会意,言,7,说话，口上舌出气,
302,阽,阽,yán,会意,阜,7,壁危也,
303,抑,抑,yì,会意,手,7,美也（出《玉篇》）,
304,医,醫,yì,会意,匚,7,盛弓弩矢器也,
305,邑,邑,yì,会意,邑,7,國也,
306,役,役,yì,会意,彳,7,戍邊也,
307,呓,寱,yì,会意,宀,7,瞑言也,
308,邮,郵,yóu,会意,阜,7,境上行書舍,
309,钋,钋,yīng,会意,金,7,胷也,
310,攸,攸,yōu,会意,攴,7,行水也,
311,甬,甬,yǒng,会意,用,7,艸木華甬甬然也,
312,诏,詔,zhào,会意,言,7,告也,
313,折,㪿,zhé/shé,会意,手,7,斷也,
314,豸,豸,zhì,会意,豸,7,獸長𦟝，行豸豸然，欲有所司殺形。(司殺讀若伺候之伺。),
315,钊,釗,zhāo,会意,金,7,刓也,
316,找,找,zhǎo,会意,手,7,與划同（出《康熙字典》）,
317,肘,肘,zhǒu,会意,月,7,臂節也,
318,坐,坐,zuò,会意,土,7,止也,
319,阼,阼,zuò,会意,阜,7,主階也,
320,作,作,zuò/zuō,会意,人,7,起也,
321,皂,皁,zào,会意,白,7,俗皁字（出《康熙字典》）,
322,足,足,zú,会意,足,7,脚，上为小腿下为脚掌,
323,走,走,zǒu,会意,走,7,跑，上为摆动双臂的人下为脚,
324,毐,毐,ǎi,会意,毋,7,人無行也,
325,变,變,biàn,会意,又,8,更易,
326,贬,貶,biǎn,会意,貝,8,損也,
327,表,表,biǎo,会意,衣,8,上衣也,
328,败,敗,bài,会意,攴,8,毀也,
329,卑,卑,bēi,会意,十,8,賤也。執事也,
330,佰,佰,bǎi,会意,人,8,相什伯也,
331,秉,秉,bǐng,会意,禾,8,禾束也,
332,坼,坼,chè,会意,土,8,裂也。《詩》曰：“不𡍩不疈。”从土㡿聲,
333,承,承,chéng,会意,手,8,奉也。受也,
334,昌,昌,chāng,会意,日,8,美言也,
335,参,參,cān/shēn,会意,厶,8,三星（参星），后加彡,
336,采,採,cǎi,会意,爪,8,手在木上，采摘果实,
337,典,典,diǎn,会意,八,8,五帝之書也,
338,隶,隸,dài,会意,隶,8,及也,
339,宕,宕,dàng,会意,宀,8,過也。一曰洞屋,
340,定,定,dìng,会意,宀,8,人在屋中安定,
341,籴,糴,dí,会意,米,8,市穀也,
342,奋,奮,fèn,会意,大,8,翬也,
343,肥,肥,féi,会意,月,8,多肉也,
344,服,服,fú,会意,月,8,用（制）服,
345,非,非,fēi,会意,非,8,違也,
346,法,法,fǎ,会意,水,8,刑法,
347,贯,貫,guàn,会意,貝,8,錢貝之貫,
348,侩,儈,guì,会意,人,8,合市也,
349,国,國,guó,会意,囗,8,以戈守卫疆域（或），加囗为國,
350,乖,𦮃,guāi,会意,丿,8,戾也,
351,官,官,guān,会意,宀,8,吏，事君也,
352,规,規,guī,会意,見,8,有法度也,
353,匦,簋,guǐ,会意,竹,8,黍稷方器也,
354,陔,陔,gāi,会意,阜,8,階次也,
355,苷,苷,gān,会意,艸,8,甘艸也,
356,庚,庚,gēng,会意,广,8,位西方，象秋時萬物庚庚有實也。庚承己，象人𪗇,
357,肱,厷,gōng,会意,肉,8,臂上也,
358,杲,杲,gǎo,会意,木,8,明也,
359,画,畫,huà,会意,田,8,手持笔画田界,
360,或,或,huò,会意,戈,8,邦国（国的本字）,
361,佸,佸,huó,会意,人,8,會也,
362,咍,咍,hāi,会意,口,8,蚩笑也,
363,𬣳,詪,hěn,会意,言,8,眼戾也,
364,建,建,jiàn,会意,廴,8,立朝律也,
365,咎,咎,jiù,会意,口,8,災也,
366,佼,佼,jiāo,会意,人,8,交也,
367,坰,冂,jiōng,会意,土,8,邑外謂之郊，郊外謂之野，野外謂之林，林外謂之冂。象遠界也,
368,炅,炅,jiǒng,会意,火,8,見也,
369,亟,亟,jí,会意,二,8,敏疾也,
370,具,具,jù,会意,八,8,共置也,
371,居,居,jū,会意,尸,8,蹲也,
372,卺,巹,jǐn,会意,卩,8,謹身有所承也,
373,臾,蕢,kuì,会意,臼,8,艸器也,
374,肯,肎,kěn,会意,月,8,骨閒肉肎肎箸也,
375,坤,坤,kūn,会意,土,8,地也。《易》之卦也,
376,昆,昆,kūn,会意,日,8,同也,
377,侃,侃,kǎn,会意,人,8,剛直也,
378,罗,羅,luó,会意,网,8,以絲罟鳥也,
379,疠,癘,lì,会意,疒,8,惡疾也,
380,戾,戾,lì,会意,戶,8,曲也,
381,林,林,lín,会意,木,8,两棵树并立，会意树木丛生为林,
382,苗,苗,miáo,会意,艸,8,艸生於田者,
383,卖,賣,mài,会意,十,8,出（出示）贝（货物），售卖,
384,牦,氂,máo,会意,牛,8,犛牛尾也,
385,枚,枚,méi,会意,木,8,榦也。可爲杖,
386,觅,覛,mì,会意,見,8,衺視也,
387,命,命,mìng,会意,口,8,发号施令,
388,岷,𡼐,mín,会意,山,8,山，在蜀湔氐西徼外,
389,明,明,míng,会意,日,8,日月并照，光明,
390,牧,牧,mù,会意,牛,8,養牛人也,
391,闹,鬧,nào,会意,門,8,不静也,
392,泮,泮,pàn,会意,水,8,諸矦鄉射之宮，西南爲水，東北爲牆,
393,佩,佩,pèi,会意,人,8,大帶佩也,
394,凭,憑,píng,会意,几,8,依几也,
395,妾,妾,qiè,会意,女,8,有辠女子，給事之得接於君者,
396,茕,煢,qióng,会意,火,8,回疾也,
397,泅,汓,qiú,会意,水,8,浮行水上也,
398,奇,奇,qí/jī,会意,大,8,異也。一曰不耦,
399,妻,妻,qī,会意,女,8,婦與夫齊者也,
400,青,青,qīng,会意,青,8,草木初生之色，表示蓝绿之间的颜色,
401,顷,頃,qīng,会意,頁,8,頭不正也,
402,囷,囷,qūn,会意,囗,8,廩之圜者,
403,取,取,qǔ,会意,又,8,获取,
404,若,若,ruò,会意,艸,8,擇菜也,
405,软,偄,ruǎn,会意,車,8,弱也,
406,乳,乳,rǔ,会意,乙,8,人及鳥生子曰乳，獸曰産,
407,舍,舍,shè/shě,会意,人,8,市居曰舍,
408,视,視,shì,会意,示,8,瞻也,
409,实,實,shí,会意,宀,8,富也,
410,姗,姍,shān,会意,女,8,誹也。一曰翼便也,
411,诜,詵,shēn,会意,言,8,致言也,
412,审,宷,shěn,会意,宀,8,悉也。知宷諦也,
413,虱,蝨,shī,会意,虫,8,齧人蟲,
414,饲,飤,sì,会意,食,8,糧也,
415,肃,肅,sù,会意,聿,8,持事振敬也,
416,叁,叄,sān,会意,厶,8,叁（三的大写）（后起字，无古本义）,
417,侂,侂,tuō,会意,人,8,寄也,
418,沓,沓,tà,会意,水,8,語多沓沓也,
419,态,態,tài,会意,心,8,意也,
420,昙,曇,tán,会意,日,8,雲布也,
421,图,圖,tú,会意,囗,8,畫計難也,
422,弢,弢,tāo,会意,弓,8,弓衣也,
423,卧,臥,wò,会意,臣,8,休也,
424,委,委,wěi,会意,女,8,委隨也,
425,武,武,wǔ,会意,止,8,武力（止戈为武）,
426,𬀪,晛,xiàn,会意,日,8,日見也,
427,枭,梟,xiāo,会意,木,8,不孝鳥也。日至，捕梟磔之,
428,些,些,xiē,会意,二,8,（后起字）語辭也,
429,享,享,xiǎng,会意,亠,8,獻也，祭也，歆也（出《康熙字典》）,
430,学,學,xué,会意,子,8,双手摆弄算筹教孩子学习,
431,峃,嶨,xué,会意,山,8,山多大石也,
432,肸,肸,xì,会意,肉,8,響，布也,
433,幸,𡴘,xìng,会意,干,8,吉而免凶也,
434,昔,昔,xī,会意,日,8,乾肉也,
435,析,析,xī,会意,木,8,破木也。一曰折也,
436,炎,炎,yán,会意,火,8,火光上也,
437,钐,钐,yáo,会意,金,8,钐钐，气出皃,
438,佾,佾,yì,会意,人,8,舞行列也,
439,宜,宜,yí,会意,宀,8,當也，所安也（出《玉篇》）,
440,奄,奄,yǎn,会意,大,8,覆也。大有餘也。又，欠也,
441,杳,杳,yǎo,会意,木,8,冥也,
442,卓,卓,zhuō,会意,十,8,高也。早匕爲㔬，匕卪爲卬，皆同義,
443,制,制,zhì,会意,刀,8,裁也,
444,质,質,zhì,会意,貝,8,以物相贅,
445,炙,炙,zhì,会意,火,8,炮肉也,
446,直,直,zhí,会意,目,8,正見也,
447,咒,咒,zhòu,会意,口,8,咒语（后起字，无古本义）,
448,招,招,zhāo,会意,手,8,手呼也,
449,知,知,zhī,会意,矢,8,詞也,
450,周,周,zhōu,会意,口,8,密也,
451,斩,斬,zhǎn,会意,斤,8,𢧵也,
452,帚,帚,zhǒu,会意,巾,8,糞也,
453,怍,怍,zuò,会意,心,8,慙也,
454,迮,迮,zé,会意,辵,8,迮迮，起也,
455,宗,宗,zōng,会意,宀,8,尊祖廟也,
456,枣,棗,zǎo,会意,木,8,羊棗也,
457,便,便,biàn/pián,会意,人,9,安也。人有不便，更之,
458,骉,驫,biāo,会意,馬,9,眾馬也,
459,扁,扁,biǎn/piān,会意,戶,9,署也,
460,拜,𢳎,bài,会意,手,9,首至地也,
461,陛,陛,bì,会意,阜,9,升高階也,
462,胞,胞,bāo,会意,月,9,兒生裹也,
463,保,保,bǎo,会意,人,9,養也,
464,鸨,鴇,bǎo,会意,鳥,9,鳥也。肉出尺𦛹,
465,穿,穿,chuān,会意,穴,9,通也,
466,差,差,chà/chā/cī,会意,工,9,手持麦穗搓揉（搓的本字）,
467,疢,疢,chèn,会意,疒,9,熱病也,
468,昶,昶,chǎng,会意,日,9,日長也,
469,毒,毒,dú,会意,毋,9,厚也。害人之艸，往往而生,
470,罚,罰,fá,会意,网,9,罪罰也（出《玉篇》）,
471,封,封,fēng,会意,寸,9,培土植木为界,
472,洸,洸,guāng,会意,水,9,水涌光也,
473,耇,耇,gǒu,会意,老,9,老人面凍黎若垢,
474,宦,宦,huàn,会意,宀,9,仕也,
475,皇,皇,huáng,会意,白,9,大也,
476,洄,洄,huí,会意,水,9,㴑洄也,
477,恒,恆,héng,会意,心,9,常也,
478,厚,厚,hòu,会意,厂,9,山陵之厚也,
479,垕,厚,hòu,会意,土,9,山陵之厚也,
480,訇,訇,hōng,会意,言,9,騃言聲,
481,柩,柩,jiù,会意,木,9,棺也,
482,皆,皆,jiē,会意,白,9,俱詞也,
483,叚,叚,jiǎ,会意,又,9,借也。闕,
484,茧,繭,jiǎn,会意,艸,9,蠶衣也,
485,柬,柬,jiǎn,会意,木,9,分別𥳑之也,
486,绞,絞,jiǎo,会意,糸,9,縊也,
487,绝,絕,jué,会意,糸,9,斷絲也,
488,既,既,jì,会意,无,9,既然（后起字，无古本义）,
489,看,看,kàn/kān,会意,目,9,手遮目远望,
490,科,科,kē,会意,禾,9,程也,
491,恺,愷,kǎi,会意,心,9,康也,
492,孪,孿,luán,会意,子,9,一乳兩子也,
493,娈,𡡗,luǎn,会意,女,9,順也,
494,剌,剌,là,会意,刀,9,戾也,
495,珑,瓏,lóng,会意,玉,9,禱旱玉。龍文,
496,娄,婁,lóu,会意,女,9,空也,
497,眇,眇,miǎo,会意,目,9,一目小也,
498,脉,𧖴,mài,会意,月,9,血理分衺行體者,
499,冒,冒,mào,会意,冂,9,冡而前也,
500,某,某,méi,会意,木,9,酸果也,
501,美,美,měi,会意,羊,9,羊大则味美,
502,陧,隉,niè,会意,阜,9,危也,
503,耐,耏,nài,会意,而,9,罪不至髡也,
504,耏,耏,nài,会意,而,9,罪不至髡也,
505,虐,虐,nüè,会意,虍,9,殘也,
506,枰,枰,píng,会意,木,9,棋盘,
507,朏,朏,pěi,会意,月,9,月未盛之明,
508,品,品,pǐn,会意,口,9,眾庶也,
509,前,前,qián,会意,八,9,不行而進（前进）,
510,酋,酋,qiú,会意,酉,9,繹酒也,
511,畎,𡿨,quǎn,会意,田,9,水小流也。《周禮》：“匠人爲溝洫，㭒廣五寸，二㭒爲耦；一耦之伐，廣尺、深尺，謂之,
512,契,契,qì,会意,大,9,大約也,
513,侵,侵,qīn,会意,人,9,漸進也,
514,耍,耍,shuǎ,会意,而,9,尖耍，俊利也（出《康熙字典》）,
515,甚,甚,shèn/shén,会意,甘,9,尤安樂也,
516,神,神,shén,会意,示,9,天地万物的创造者,
517,是,是,shì,会意,日,9,正、直，日在正上方为是,
518,室,室,shì,会意,宀,9,内室,
519,祏,祏,shí,会意,示,9,宗廟主也。《周禮》有郊、宗、石室。一曰大夫以石爲主,
520,顺,順,shùn,会意,頁,9,理也,
521,殇,殤,shāng,会意,歹,9,不成人也。人年十九至十六死，爲長殤；十五至十二死，爲中殤；十一至八歲死，爲下殤,
522,省,省,shěng/xǐng,会意,目,9,視也,
523,送,送,sòng,会意,辵,9,陪人上路,
524,叟,叟,sǒu,会意,又,9,老也（出《康熙字典》）,
525,畋,畋,tián,会意,田,9,平田也,
526,殄,殄,tiǎn,会意,歹,9,盡也,
527,退,退,tuì,会意,辵,9,向后走,
528,柝,柝,tuò,会意,木,9,判也,
529,突,突,tū,会意,穴,9,犬从穴中暫出也,
530,畏,畏,wèi,会意,田,9,惡也,
531,歪,歪,wāi,会意,止,9,不正也（出《康熙字典》）,
532,威,威,wēi,会意,女,9,姑也,
533,巷,巷,xiàng/hàng,会意,己,9,𠀤學去聲（出《康熙字典》）,
534,涎,㳄,xián,会意,水,9,慕欲口液也,
535,卸,卸,xiè,会意,卩,9,舍車解馬也,
536,香,香,xiāng,会意,香,9,芳也,
537,相,相,xiāng/xiàng,会意,目,9,省視也,
538,咺,咺,xuǎn,会意,口,9,朝鮮謂兒泣不止曰咺,
539,信,信,xìn,会意,人,9,誠也,
540,须,須,xū,会意,頁,9,面毛也,
541,爰,爰,yuán,会意,爪,9,引也,
542,垚,垚,yáo,会意,土,9,土高也,
543,胤,胤,yìn,会意,肉,9,子孫相承續也,
544,盈,盈,yíng,会意,皿,9,滿器也,
545,茔,塋,yíng,会意,土,9,墓也,
546,诱,㕗,yòu,会意,言,9,相訹呼也,
547,狱,獄,yù,会意,犬,9,确也,
548,禺,禺,yù,会意,禸,9,母猴屬。頭似鬼,
549,俞,俞,yú,会意,人,9,空中木爲舟也,
550,舁,舁,yú,会意,臼,9,共舉也,
551,衍,衍,yǎn,会意,彳,9,水朝宗于海也,
552,弇,弇,yǎn,会意,廾,9,蓋也,
553,𬬱,釿,yǐn,会意,金,9,劑斷也,
554,陟,陟,zhì,会意,阜,9,登也,
555,昼,晝,zhòu,会意,日,9,日之出入，與夜爲界,
556,祝,祝,zhù,会意,示,9,祭主贊詞者,
557,柷,柷,zhù,会意,木,9,樂，木空也。所以止音爲節,
558,轸,軫,zhěn,会意,車,9,車後橫木也,
559,胗,胗,zhěn,会意,肉,9,脣瘍也,
560,洲,州,zhōu,会意,水,9,水中可居曰州，周遶其㫄,
561,奏,奏,zòu,会意,大,9,奏進也,
562,秭,秭,zǐ,会意,禾,9,五稯爲秭,
563,俎,俎,zǔ,会意,人,9,禮俎也,
564,罢,罷,bà,会意,网,10,遣有辠也,
565,亳,亳,bó,会意,亠,10,京兆杜陵亭也,
566,班,班,bān,会意,玉,10,分瑞玉,
567,笔,筆,bǐ,会意,竹,10,秦謂之筆,
568,陲,陲,chuí,会意,阜,10,危也,
569,龀,齔,chèn,会意,齒,10,毀齒也。男八月生齒，八歲而齔。女七月生齒，七歲而齔,
570,乘,乘,chéng,会意,丿,10,𠀤音繩（出《康熙字典》）,
571,臭,臭,chòu/xiù,会意,自,10,禽走，臭而知其迹者，犬也,
572,帱,幬,chóu,会意,巾,10,禪帳也,
573,畜,畜,chù/xù,会意,田,10,田畜（畜养）,
574,茝,茝,chǎi,会意,艸,10,虈也,
575,厝,厝,cuò,会意,厂,10,厲石也,
576,莜,莜,diào,会意,艸,10,艸田器,
577,娣,娣,dì,会意,女,10,女弟也,
578,俯,頫,fǔ,会意,人,10,低頭也,
579,倌,倌,guān,会意,人,10,小臣也,
580,珪,圭,guī,会意,玉,10,瑞玉也。上圜下方。公執桓圭，九寸；矦執信圭，伯執躬圭，皆七寸；子執穀璧，男執蒲璧,
581,颃,亢,gāng,会意,亠,10,人頸也,
582,皋,皋,gāo,会意,白,10,气皐白之進也,
583,哥,哥,gē,会意,口,10,歌声（歌的本字）,
584,躬,躳,gōng,会意,身,10,身也,
585,浣,𤃬,huàn,会意,水,10,濯衣垢也,
586,隺,隺,hú,会意,隹,10,高至也,
587,桀,桀,jié,会意,木,10,磔也,
588,兼,兼,jiān,会意,八,10,并也,
589,桊,桊,juàn,会意,木,10,牛鼻中環也,
590,隽,雋,juàn/jùn,会意,隹,10,肥肉也,
591,继,繼,jì,会意,糸,10,續也,
592,晋,晉,jìn,会意,日,10,進也。日出萬物進,
593,竞,競,jìng,会意,立,10,彊語也。一曰逐也,
594,屐,屐,jī,会意,尸,10,屩也,
595,姬,姬,jī,会意,女,10,黃帝居姬水，以爲姓,
596,脊,脊,jǐ,会意,月,10,背呂也,
597,紧,緊,jǐn,会意,糸,10,纏絲急也,
598,料,料,liào,会意,斗,10,以斗量米,
599,留,留,liú,会意,田,10,止也（出《玉篇》）,
600,流,流,liú,会意,水,10,水流动,
601,栾,欒,luán,会意,木,10,木。似欄,
602,挛,攣,luán,会意,手,10,係也,
603,荦,犖,luò,会意,牛,10,駁牛也,
604,鬲,鬲,lì,会意,鬲,10,鼎屬。實五觳。斗二升曰觳。象腹交文，三足,
605,旅,旅,lǚ,会意,方,10,旗帜下众人，军队,
606,旄,旄,máo,会意,方,10,幢也,
607,𫑡,鄳,méng,会意,邑,10,江夏縣,
608,莫,莫,mù,会意,艸,10,日且冥也,
609,聂,聶,niè,会意,耳,10,附耳私小語也,
610,臬,臬,niè,会意,自,10,射凖的也,
611,涅,涅,niè,会意,水,10,黑土在水中也,
612,袅,嫋,niǎo,会意,女,10,㚩也,
613,拿,拿,ná,会意,手,10,合手取物,
614,般,般,pán,会意,舟,10,辟也。象舟之旋,
615,旆,旆,pèi,会意,方,10,繼旐之旗也，沛然而垂,
616,蚍,𧖕,pí,会意,虫,10,蚍蜉，大螘也,
617,陴,陴,pí,会意,阜,10,城上女牆俾倪也,
618,挈,挈,qiè,会意,手,10,縣持也,
619,𬒈,礐,què,会意,石,10,石聲,
620,耆,耆,qí,会意,老,10,老也,
621,秦,秦,qín,会意,禾,10,伯益之後所封國。地宜禾,
622,骎,駸,qīn,会意,馬,10,馬行疾也,
623,弱,弱,ruò,会意,弓,10,橈也。上象橈曲，彡象毛氂橈弱也。弱物并，故从二𢎥,
624,容,容,róng,会意,宀,10,房屋容纳,
625,辱,辱,rǔ,会意,辰,10,恥也,
626,射,䠶,shè,会意,寸,10,弓弩發於身而中於遠也,
627,涉,𣻣,shè,会意,水,10,徒行厲水也,
628,甡,甡,shēn,会意,生,10,眾生並立之兒,
629,祟,祟,suì,会意,示,10,神禍也,
630,绥,綏,suī,会意,糸,10,車中把也,
631,索,索,suǒ,会意,糸,10,艸有莖葉，可作繩索,
632,素,素,sù,会意,糸,10,白緻繒也,
633,𫗧,𩱫,sù,会意,鬲,10,鼎實。惟葦及蒲。陳畱謂䭈爲𩱫,
634,桑,桑,sāng,会意,木,10,蠶所食葉木,
635,虒,虒,sī,会意,虍,10,委虒，虎之有角者也,
636,套,套,tào,会意,大,10,𠀤滔去聲（出《康熙字典》）,
637,倜,倜,tì,会意,人,10,倜儻，不羈也,
638,笑,笑,xiào,会意,竹,10,竹子弯曲如人笑弯了腰,
639,席,席,xí,会意,巾,10,籍也。《禮》：天子、諸侯席，有黼繡純飾,
640,荥,滎,xíng,会意,水,10,絕小水也,
641,唏,唏,xī,会意,口,10,笑也,
642,奚,奚,xī,会意,大,10,大腹也,
643,原,原,yuán,会意,厂,10,水源（源的本字）,
644,冤,冤,yuān,会意,冖,10,屈也,
645,益,益,yì,会意,皿,10,饒也,
646,宧,宧,yí,会意,宀,10,養也。室之東北隅，食所居,
647,荧,熒,yíng,会意,艸,10,屋下鐙燭之光,
648,预,預,yù,会意,頁,10,安也。案：經典通用豫,
649,谀,諛,yú,会意,言,10,諂也,
650,殷,殷,yīn/yān,会意,殳,10,作樂之盛稱殷,
651,邕,邕,yōng,会意,邑,10,四方有水，自邕城池者,
652,舀,舀,yǎo,会意,臼,10,抒臼也,
653,窅,窅,yǎo,会意,穴,10,深目也,
654,倬,倬,zhuō,会意,人,10,箸大也,
655,挚,摯,zhì,会意,手,10,握持也,
656,致,致,zhì,会意,攴,10,送詣也,
657,酎,酎,zhòu,会意,酉,10,三重醇酒也,
658,逐,逐,zhú,会意,辵,10,追也,
659,旃,旃,zhān,会意,方,10,旗曲柄也。所以旃表士衆,
660,真,真,zhēn,会意,目,10,（后起字，无古本义）,
661,畛,畛,zhěn,会意,田,10,井田閒陌也,
662,袗,袗,zhěn,会意,衣,10,玄服,
663,奘,奘,zàng,会意,大,10,駔大也,
664,陬,陬,zōu,会意,阜,10,阪隅也,
665,宰,宰,zǎi,会意,宀,10,辠人在屋下執事者,
666,笫,笫,zǐ,会意,竹,10,牀簀也,
667,敖,敖,áo,会意,攴,10,出游也,
668,珥,珥,ěr,会意,玉,10,瑱也,
669,彪,彪,biāo,会意,彡,11,虎文也,
670,敝,敝,bì,会意,攴,11,帗也。一曰敗衣,
671,婢,婢,bì,会意,女,11,女之卑者也,
672,庱,庱,chěng,会意,广,11,地名,
673,瓻,瓻,chī,会意,瓦,11,酒器,
674,舂,舂,chōng,会意,臼,11,擣粟也,
675,曹,曹,cáo,会意,曰,11,獄之兩曹也。在廷東,
676,断,斷,duàn,会意,斤,11,俗（出《玉篇》）,
677,隋,隋,duò,会意,阜,11,裂肉也,
678,埵,埵,duǒ,会意,土,11,堅土也,
679,盗,盜,dào,会意,皿,11,私利物也,
680,得,得,dé/de/děi,会意,彳,11,手拿到贝（财物），获得,
681,兜,兜,dōu,会意,儿,11,兜鍪，首鎧也,
682,惇,惇,dūn,会意,心,11,厚也,
683,鸹,鴰,guā,会意,鳥,11,麋鴰也,
684,崞,崞,guō,会意,山,11,山，在鴈門,
685,笱,笱,gǒu,会意,竹,11,曲竹捕魚笱也,
686,蛊,蠱,gǔ,会意,虫,11,腹中蟲也。《春秋傳》曰：“皿蟲爲蠱。”“晦淫之所生也。”臬桀死之鬼亦爲蠱,
687,隍,隍,huáng,会意,阜,11,城池也。有水曰池，無水曰隍,
688,彗,彗,huì,会意,彐,11,掃竹也,
689,琀,琀,hán,会意,玉,11,送死口中玉也,
690,阍,閽,hūn,会意,門,11,常以昏閉門隸也,
691,戛,戛,jiá,会意,戈,11,𢧢也,
692,教,教,jiāo/jiào,会意,攴,11,手持教鞭督促儿童学习,
693,祭,祭,jì,会意,示,11,祭祀也,
694,祲,祲,jìn,会意,示,11,精氣感祥,
695,竟,竟,jìng,会意,立,11,樂曲盡爲竟,
696,旌,旌,jīng,会意,方,11,游車載旌，析羽注旄首，所以精進士卒,
697,掬,匊,jū,会意,手,11,在手曰匊,
698,逵,馗,kuí,会意,辵,11,九達道也。似龜背，故謂之馗。馗，高也,
699,馗,馗,kuí,会意,首,11,九達道也。似龜背，故謂之馗。馗，高也,
700,寇,寇,kòu,会意,宀,11,暴也,
701,鸾,鸞,luán,会意,鳥,11,亦神靈之精也。赤色，五采，雞形。鳴中五音，頌聲作則至,
702,率,率,lǜ/shuài,会意,玄,11,捕鳥畢也。象絲罔，上下其竿柄也,
703,绵,綿,mián,会意,糸,11,與緜同（出《玉篇》）,
704,麻,麻,má,会意,麻,11,與𣏟同。人所治，在屋下,
705,啮,齧,niè,会意,齒,11,噬也,
706,您,您,nín,会意,心,11,您（尊称）（后起字，无古本义）,
707,赧,赧,nǎn,会意,赤,11,面慙赤也,
708,票,票,piào,会意,示,11,本作𤐫（出《康熙字典》）,
709,淠,淠,pèi,会意,水,11,水。出汝南弋陽垂山，東入淮,
710,雀,雀,què,会意,隹,11,依人小鳥也,
711,悫,愨,què,会意,心,11,謹也,
712,堇,堇,qín,会意,土,11,黏土也,
713,庼,䯧,qǐng,会意,高,11,小堂也,
714,爽,爽,shuǎng,会意,爻,11,明也,
715,兽,獸,shòu,会意,八,11,守備者,
716,庶,庶,shù,会意,广,11,屋下眾也,
717,隃,隃,shù,会意,阜,11,北陵西隃，鴈門是也,
718,啬,嗇,sè,会意,口,11,愛瀒也,
719,耜,㭒,sì,会意,耒,11,臿也,
720,埽,埽,sǎo,会意,土,11,棄也,
721,粜,糶,tiào,会意,米,11,出穀也,
722,甜,甜,tián,会意,舌,11,與甛同（出《康熙字典》）,
723,梼,檮,táo,会意,木,11,斷木也,
724,尉,尉,wèi/yù,会意,寸,11,武官之稱也（出《玉篇》）,
725,阌,䦩,wén,会意,門,11,低目視也,
726,隈,隈,wēi,会意,阜,11,水曲，隩也,
727,隗,隗,wěi,会意,阜,11,陮隗也,
728,衔,銜,xián,会意,彳,11,馬勒口中,
729,衒,𧗳,xuàn,会意,行,11,行且賣也,
730,旋,旋,xuán,会意,方,11,周旋，旌旗之指麾也,
731,阋,鬩,xì,会意,鬥,11,恆訟也。《詩》云：“兄弟鬩于牆。”从鬥从兒。兒，善訟者也,
732,觋,覡,xí,会意,見,11,能齋肅事神明也。在男曰覡，在女曰巫,
733,悉,悉,xī,会意,心,11,詳盡也,
734,逸,逸,yì,会意,辵,11,失也,
735,寅,寅,yín,会意,宀,11,髕也。正月，陽气動，去黃泉，欲上出，陰尚彊，象宀不達，髕寅於下也,
736,域,或,yù,会意,土,11,邦也,
737,渔,𩼪,yú,会意,水,11,捕魚也,
738,婴,嬰,yīng,会意,女,11,頸飾也,
739,庸,庸,yōng,会意,广,11,用也,
740,圉,圉,yǔ,会意,囗,11,囹圄，所以拘罪人,
741,缀,綴,zhuì,会意,糸,11,合箸也,
742,辄,輒,zhé,会意,車,11,車兩輢也,
743,章,章,zhāng,会意,立,11,樂竟爲一章,
744,族,族,zú,会意,方,11,矢鋒也。束之族族也,
745,梓,梓,zǐ,会意,木,11,楸也,
746,弼,弼,bì,会意,弓,12,輔也。重也,
747,皕,皕,bì,会意,白,12,二百也。讀若祕,
748,赑,𡚤,bì,会意,貝,12,壯大也,
749,博,博,bó,会意,十,12,大通也,
750,掰,掰,bāi,会意,手,12,掰开（后起字，无古本义）,
751,葆,葆,bǎo,会意,艸,12,艸盛皃,
752,孱,孱,chán,会意,子,12,迮也。一曰呻吟也,
753,掣,𤸪,chì,会意,手,12,引縱曰𤸪,
754,插,插,chā,会意,手,12,刺肉也,
755,嗟,差,chā,会意,口,12,貳也。差不相值也,
756,琛,琛,chēn,会意,玉,12,寶也,
757,蒇,蕆,chǎn,会意,艸,12,《左氏傳》：“以蕆陳事。”杜預注云：蕆，敕也,
758,窜,竄,cuàn,会意,穴,12,匿也,
759,毳,毳,cuì,会意,毛,12,獸細毛也,
760,嵯,嵯,cuó,会意,山,12,山皃,
761,曾,曾,céng/zēng,会意,曰,12,蒸锅（甑的本字），引申为曾经,
762,奠,奠,diàn,会意,大,12,置祭也,
763,惰,憜,duò,会意,心,12,不敬也,
764,道,道,dào,会意,辵,12,路,
765,觌,覿,dí,会意,見,12,見也,
766,犊,犢,dú,会意,牛,12,牛子也,
767,等,等,děng,会意,竹,12,竹简整齐排列，等齐,
768,鼎,鼎,dǐng,会意,鼎,12,三足兩耳，和五味之寶器也。昔禹收九牧之金，鑄鼎荆山之下，入山林川澤，螭魅蝄蜽，莫,
769,番,番,fán,会意,田,12,獸足謂之番,
770,粪,糞,fèn,会意,米,12,穢也（出《玉篇》）,
771,焚,焚,fén,会意,火,12,燒也（出《玉篇》）,
772,𫖯,頫,fǔ,会意,頁,12,低頭也,
773,聒,聒,guō,会意,耳,12,驩語也,
774,椁,椁,guǒ,会意,木,12,葬有木𩫏也,
775,惠,惠,huì,会意,心,12,仁也,
776,缓,𦅻,huǎn,会意,糸,12,繛也,
777,寒,寒,hán,会意,宀,12,人睡屋中草堆下，脚下有冰,
778,黑,黑,hēi,会意,黑,12,烟囱被火熏黑，炎上火焚窗,
779,琥,琥,hǔ,会意,玉,12,發兵瑞玉，爲虎文,
780,絜,絜,jié,会意,糸,12,麻一耑也,
781,就,就,jiù,会意,尢,12,高也,
782,焦,焦,jiāo,会意,火,12,同𤓪（出《玉篇》）,
783,敬,敬,jìng,会意,攴,12,肅也,
784,棘,棘,jí,会意,木,12,小棗叢生者,
785,集,雧,jí,会意,隹,12,羣鳥在木上也,
786,筋,筋,jīn,会意,竹,12,肉之力也,
787,晶,晶,jīng,会意,日,12,精光也,
788,蒉,蕢,kuì,会意,艸,12,艸器也,
789,款,款,kuǎn,会意,欠,12,意有所欲也,
790,喾,嚳,kù,会意,口,12,急告之甚也,
791,联,聯,lián,会意,耳,12,連也,
792,詈,詈,lì,会意,言,12,罵也,
793,屡,屢,lǚ,会意,尸,12,數也。案：今之婁字本是屢空字，此字後人所加,
794,淼,淼,miǎo,会意,水,12,大水也,
795,帽,冃,mào,会意,巾,12,小兒蠻夷頭衣也,
796,蛑,𧔨,máo,会意,虫,12,蟲食艸根者,
797,寐,寐,mèi,会意,宀,12,臥也,
798,谧,謐,mì,会意,言,12,靜語也,
799,媄,媄,měi,会意,女,12,色好也,
800,辇,輦,niǎn,会意,車,12,輓車也,
801,甯,甯,nìng,会意,用,12,所願也,
802,普,普,pǔ,会意,日,12,日無色也,
803,棨,棨,qǐ,会意,木,12,傳，信也,
804,善,善,shàn,会意,口,12,吉祥,
805,弑,弒,shì,会意,弋,12,臣殺君也。《易》曰：“臣弒其君。”从殺省，式聲,
806,觞,觴,shāng,会意,角,12,觶實曰觴，虚曰觶,
807,黍,黍,shǔ,会意,黍,12,禾屬而黏者也。以大暑而穜，故謂之黍,
808,森,森,sēn,会意,木,12,三木为森，树木众多茂密,
809,蒐,蒐,sōu,会意,艸,12,茅蒐，茹藘。人血所生，可以染絳,
810,竦,竦,sǒng,会意,立,12,敬也,
811,𬯎,隤,tuí,会意,阜,12,下隊也,
812,覃,𪉷,tán,会意,襾,12,長味也,
813,焞,焞,tūn,会意,火,12,明也,
814,羡,羨,xiàn,会意,羊,12,貪欲也,
815,飨,饗,xiǎng,会意,食,12,鄉人飲酒也,
816,敩,斆,xué,会意,攴,12,覺悟也,
817,嵇,嵇,xí,会意,山,12,山名,
818,巽,巽,xùn,会意,己,12,具也,
819,睎,睎,xī,会意,目,12,望也,
820,喜,喜,xǐ,会意,口,12,樂也,
821,媛,媛,yuàn,会意,女,12,美女也。人所援也,
822,鼋,黿,yuán,会意,黽,12,大鼈也,
823,粤,粵,yuè,会意,米,12,亏也。審愼之詞者,
824,焱,焱,yàn,会意,火,12,火華也,
825,萦,縈,yíng,会意,糸,12,收韏也,
826,御,御,yù,会意,彳,12,使馬也,
827,矞,矞,yù,会意,矛,12,以錐有所穿也,
828,愠,慍,yùn,会意,心,12,怒也,
829,缊,縕,yùn,会意,糸,12,紼也,
830,䓨,罃,yīng,会意,缶,12,備火，長頸缾也,
831,旐,旐,zhào,会意,方,12,龜蛇四游，以象營室，游游而長,
832,詟,讋,zhé,会意,言,12,失气言。一曰不止也,
833,智,智,zhì,会意,日,12,同𣉻（出《康熙字典》）,
834,粥,粥,zhōu,会意,米,12,糜也（出《玉篇》）,
835,黹,黹,zhǐ,会意,黹,12,箴縷所紩衣,
836,最,最,zuì,会意,曰,12,犯而取也,
837,葬,葬,zàng,会意,艸,12,藏也,
838,尊,𢍜,zūn,会意,寸,12,酒器也,
839,奡,奡,ào,会意,大,12,嫚也,
840,媪,媼,ǎo,会意,女,12,女老偁也,
841,辟,闢,bì,会意,辛,13,法也,
842,禀,稟,bǐng,会意,示,13,賜穀也,
843,粲,粲,càn,会意,米,13,稻重一䄷，爲粟二十斗，爲米十斗，曰毇；爲米六斗太半斗，曰粲,
844,辞,辭,cí,会意,辛,13,訟也,
845,叠,疊,dié,会意,又,13,重也（出《玉篇》）,
846,𬭚,錞,duì,会意,金,13,矛𢧢柲下銅，鐏也,
847,窦,竇,dòu,会意,穴,13,空也,
848,亶,亶,dǎn,会意,亠,13,多穀也,
849,赗,賵,fèng,会意,貝,13,贈死者,
850,彀,彀,gòu,会意,弓,13,張弩也,
851,雊,雊,gòu,会意,隹,13,雄雌鳴也。雷始動，雉鳴而雊其頸,
852,毂,轂,gǔ,会意,車,13,輻所凑也,
853,豢,豢,huàn,会意,豕,13,以穀圈養豕也,
854,解,解,jiě/jiè,会意,角,13,用刀分解牛角,
855,蓏,蓏,luǒ,会意,艸,13,在木曰果，在地曰蓏,
856,雷,雷,léi,会意,雨,13,打雷，中间闪电形加圆圈表示雷声,
857,路,路,lù,会意,足,13,道路,
858,瑁,瑁,mào,会意,玉,13,諸侯執圭朝天子，天子執玉以冒之，似犂冠。《周禮》曰：“天子執瑁四寸。”从玉、冒，,
859,剽,剽,piào,会意,刀,13,砭刺也,
860,辔,轡,pèi,会意,車,13,馬轡也,
861,搒,搒,péng,会意,手,13,掩也,
862,媲,媲,pì,会意,女,13,妃也,
863,频,瀕,pín,会意,頁,13,水厓。人所賓附，頻蹙不前而止,
864,滂,滂,pāng,会意,水,13,沛也,
865,骞,騫,qiān,会意,馬,13,馬腹縶也,
866,碏,碏,què,会意,石,13,《左氏傳》：“衞大夫石碏。”《唐韻》云：敬也,
867,瑞,瑞,ruì,会意,玉,13,以玉爲信也,
868,睡,睡,shuì,会意,目,13,坐寐也,
869,筮,筮,shì,会意,竹,13,《易》卦用蓍也,
870,嗣,嗣,sì,会意,口,13,諸侯嗣國也,
871,塞,塞,sāi/sài/sè,会意,土,13,隔也,
872,嵩,嵩,sōng,会意,山,13,中岳，嵩高山也,
873,腼,靦,tiǎn,会意,面,13,面見也,
874,蜕,蛻,tuì,会意,虫,13,蛇蟬所解皮也,
875,阘,闒,tà,会意,門,13,樓上戶也,
876,溦,溦,wēi,会意,水,13,小雨也,
877,辒,轀,wēn,会意,車,13,臥車也,
878,酰,醯,xī,会意,酉,13,酸也。作醯以𩱙以酒,
879,敫,敫,yuè,会意,攴,13,光景流也,
880,睚,睚,yá,会意,目,13,目際也,
881,媱,媱,yáo,会意,女,13,曲肩行皃,
882,意,意,yì,会意,心,13,志也,
883,裔,裔,yì,会意,衣,13,衣裾也,
884,蓥,鎣,yìng,会意,金,13,器也,
885,愚,愚,yú,会意,心,13,戇也,
886,麀,麀,yōu,会意,鹿,13,牝鹿也,
887,瑑,瑑,zhuàn,会意,玉,13,圭璧上起兆瑑也,
888,置,置,zhì,会意,网,13,赦也,
889,詹,詹,zhān,会意,言,13,多言也,
890,鲊,鮺,zhǎ,会意,魚,13,藏魚也。南方謂之䰼，北方謂之鮺,
891,罪,罪,zuì,会意,网,13,捕魚竹网,
892,蔈,蔈,biāo,会意,艸,14,苕之黃華也,
893,幖,幖,biāo,会意,巾,14,幟也,
894,箅,箅,bì,会意,竹,14,蔽也，所以蔽甑底,
895,殡,殯,bìn,会意,歹,14,死在棺，將遷葬柩，賓遇之,
896,鼻,鼻,bí,会意,鼻,14,引气自𢌿也,
897,瘥,瘥,chài,会意,疒,14,瘉也,
898,察,察,chá,会意,宀,14,覆也,
899,龇,齜,chái,会意,齒,14,齒相齗也。一曰開口見齒之皃,
900,翟,翟,dí,会意,羽,14,山雉尾長者,
901,寡,寡,guǎ,会意,宀,14,少也,
902,蜾,𧒘,guǒ,会意,虫,14,𧒘蠃，蒲盧，細要土蠭也。天地之性，細要，純雄，無子。《詩》曰：“螟𧕅有子，𧒘蠃負,
903,榖,榖,gǔ,会意,木,14,楮也,
904,赫,赫,hè,会意,赤,14,火赤皃,
905,僦,僦,jiù,会意,人,14,賃也,
906,龈,齦,kěn,会意,齒,14,齧也,
907,廖,廖,liào,会意,广,14,人姓,
908,銮,鑾,luán,会意,金,14,人君乘車，四馬鑣，八鑾鈴，象鸞鳥聲，和則敬也,
909,嫠,嫠,lí,会意,女,14,無夫也,
910,蔑,蔑,miè,会意,艸,14,勞目無精也,
911,髦,髦,máo,会意,髟,14,髮也,
912,魅,鬽,mèi,会意,鬼,14,老精物也,
913,甍,甍,méng,会意,瓦,14,屋棟也,
914,暮,莫,mù,会意,日,14,日且冥也,
915,嫖,嫖,piào,会意,女,14,輕也,
916,骠,驃,piào,会意,馬,14,黃馬發白色。一曰白髦尾也,
917,嘌,嘌,piāo,会意,口,14,疾也,
918,缥,縹,piǎo,会意,糸,14,帛青白色也,
919,罴,羆,pí,会意,网,14,如熊，黃白文,
920,嫱,嬙,qiáng,会意,女,14,婦官也,
921,銎,銎,qiōng,会意,金,14,斤釜穿也,
922,綦,綥,qí,会意,糸,14,帛蒼艾色,
923,綮,綮,qǐ,会意,糸,14,㨖繒也。一曰幑幟，信也，有齒,
924,睿,叡,ruì,会意,目,14,深明也。通也,
925,鄯,鄯,shàn,会意,邑,14,鄯善，西胡國也,
926,算,算,suàn,会意,竹,14,數也,
927,榻,榻,tà,会意,木,14,牀也,
928,寤,寤,wù,会意,宀,14,寐覺而有信曰寤,
929,稳,穩,wěn,会意,禾,14,蹂榖聚也。一曰安也,
930,榭,榭,xiè,会意,木,14,臺有屋也,
931,㬎,㬎,xiǎn,会意,日,14,衆微杪也,
932,夐,夐,xuàn,会意,夊,14,營求也,
933,熏,燻,xūn/xùn,会意,火,14,火煙上出也,
934,瑶,瑤,yáo,会意,玉,14,玉之美者,
935,睾,睪,yì,会意,目,14,目視也,
936,瘗,瘞,yì,会意,疒,14,幽薶也,
937,蝇,蠅,yíng,会意,虫,14,營營青蠅。蟲之大腹者,
938,旖,旖,yǐ,会意,方,14,旗旖施也,
939,赘,贅,zhuì,会意,貝,14,以物質錢,
940,疐,疐,zhì,会意,疋,14,礙不行也,
941,鲝,鮺,zhǎ,会意,魚,14,藏魚也。南方謂之䰼，北方謂之鮺,
942,粽,糉,zòng,会意,米,14,蘆葉裹米也,
943,隩,隩,ào,会意,阜,14,水隈，崖也,
944,熛,熛,biāo,会意,火,15,火飛也,
945,暴,暴,bào,会意,日,15,同㬥（出《玉篇》）,
946,廛,廛,chán,会意,广,15,一畝半，一家之居,
947,澂,澂,chéng,会意,水,15,清也,
948,漦,漦,chí,会意,水,15,順流也。一曰水名,
949,樊,樊,fán,会意,木,15,鷙不行也,
950,憔,䩌,jiāo,会意,心,15,面焦枯小也,
951,屦,屨,jù,会意,尸,15,履也,
952,畿,畿,jī,会意,田,15,天子千里地。以遠近言之，則言畿也,
953,遴,遴,lìn,会意,辵,15,行難也,
954,磊,磊,lěi,会意,石,15,眾石也,
955,𫞩,璊,mén,会意,玉,15,玉䞓色也,
956,瞢,瞢,méng,会意,目,15,目不明也,
957,瞑,瞑,míng,会意,目,15,翕目也,
958,膘,膘,piǎo,会意,肉,15,牛脅後髀前合革肉也,
959,奭,奭,shì,会意,大,15,盛也,
960,潸,潸,shān,会意,水,15,涕流皃,
961,鋈,鋈,wù,会意,金,15,白金也,
962,皛,皛,xiào,会意,白,15,顯也,
963,𬸣,鶱,xiān,会意,鳥,15,飛皃,
964,𫍽,譞,xuān,会意,言,15,譞，慧也,
965,鹞,鷂,yào,会意,鳥,15,鷙鳥也,
966,牖,牖,yǒu,会意,片,15,穿壁以木爲交窻也,
967,窳,窳,yǔ,会意,穴,15,污窬也,
968,踔,踔,zhào,会意,足,15,踶也,
969,霅,霅,zhá,会意,雨,15,霅霅，震電皃。一曰眾言也,
970,徵,徵,zhēng,会意,彳,15,召也,
971,醉,醉,zuì,会意,酉,15,卒也。卒其度量，不至於亂也。一曰潰也,
972,辩,辯,biàn,会意,辛,16,治也,
973,镖,鏢,biāo,会意,金,16,刀削末銅也,
974,篦,篦,bì,会意,竹,16,導也。今俗謂之篦,
975,盥,盥,guàn,会意,皿,16,澡手也,
976,縠,縠,hú,会意,糸,16,細縛也,
977,薅,薅,hāo,会意,艸,16,拔去田艸也,
978,薨,薨,hōng,会意,艸,16,公矦𣨛也,
979,麇,麇,jūn,会意,鹿,16,麞也,
980,罹,罹,lí,会意,网,16,心憂也,
981,橑,橑,lǎo,会意,木,16,椽也,
982,廪,㐭,lǐn,会意,亠,16,穀所振入。宗廟粢盛，倉黃㐭而取之，故謂之㐭,
983,螟,螟,míng,会意,虫,16,蟲食穀葉者。吏冥冥犯法卽生螟,
984,凝,冰,níng,会意,冫,16,水堅也,
985,瞟,瞟,piǎo,会意,目,16,𥉻也,
986,濒,瀕,pín,会意,水,16,水厓。人所賓附，頻蹙不前而止,
987,褰,褰,qiān,会意,衣,16,絝也,
988,器,器,qì,会意,口,16,犬守器皿（会意器物）,
989,燊,燊,shēn,会意,火,16,盛皃,
990,薮,藪,sǒu,会意,艸,16,大澤也,
991,橐,橐,tuó,会意,木,16,囊也,
992,薤,䪥,xiè,会意,艸,16,菜也。葉似韭,
993,隰,隰,xí,会意,阜,16,阪下溼也,
994,憙,憙,xǐ,会意,心,16,說也,
995,虤,虤,yán,会意,虍,16,虎怒也,
996,嬴,嬴,yíng,会意,女,16,少昊氏之姓也,
997,赞,贊,zàn,会意,貝,16,見也,
998,錾,鏨,zàn,会意,金,16,小鑿也,
999,噪,喿,zào,会意,口,16,鳥羣鳴也,
1000,噩,噩,è,会意,口,16,驚也（出《玉篇》）,
1001,簋,簋,guǐ,会意,竹,17,黍稷方器也,
1002,隳,隓,huī,会意,阜,17,敗城𨸏曰隓,
1003,壑,㕡,hè,会意,土,17,溝也,
1004,觳,觳,hú,会意,角,17,盛觵卮也。一曰射具,
1005,醢,醢,hǎi,会意,酉,17,肉𨡓也,
1006,蹇,蹇,jiǎn,会意,足,17,跛也,
1007,謇,蹇,jiǎn,会意,言,17,跛也,
1008,罽,罽,jì,会意,网,17,魚网也,
1009,蹐,蹐,jí,会意,足,17,小步也,
1010,羁,𦌭,jī,会意,网,17,馬絡頭也,
1011,鹩,鷯,liáo,会意,鳥,17,刀鷯。剖葦，食其中蟲,
1012,蟊,蟊,máo,会意,虫,17,蠿蟊也,
1013,懑,懣,mèn,会意,心,17,煩也,
1014,貔,貔,pí,会意,豸,17,豹屬，出貉國,
1015,穗,𥝩,suì,会意,禾,17,禾成秀也，人所以收,
1016,燮,燮,xiè,会意,火,17,和也,
1017,襄,襄,xiāng,会意,衣,17,漢令：解衣耕謂之襄,
1018,龠,龠,yuè,会意,龠,17,樂之竹管，三孔，以和眾聲也,
1019,簟,簟,diàn,会意,竹,18,竹席也,
1020,簠,簠,fǔ,会意,竹,18,黍稷圜器也,
1021,颢,顥,hào,会意,頁,18,白皃,
1022,瞿,瞿,jù,会意,目,18,鷹隼之視也,
1023,釐,釐,lí,会意,里,18,家福也,
1024,鞣,鞣,róu,会意,革,18,耎也,
1025,鳎,鰨,tǎ,会意,魚,18,虛鰨也,
1026,鳐,鰩,yáo,会意,魚,18,文鰩，魚名,
1027,彝,彝,yí,会意,彐,18,宗廟常器也,
1028,嚚,嚚,yín,会意,口,18,語聲也,
1029,蹢,蹢,zhí,会意,足,18,住足也,
1030,簪,兂,zēn,会意,竹,18,首笄也,
1031,魑,魑,chī,会意,鬼,19,鬼屬,
1032,羹,𩱧,gēng,会意,羊,19,五味盉羹也,
1033,彟,蒦,huò,会意,艸,19,規蒦，商也,
1034,疆,畺,jiāng,会意,田,19,界也,
1035,蠃,蠃,luǒ,会意,虫,19,蜾蠃也,
1036,羸,羸,léi,会意,羊,19,瘦也,
1037,攀,𠬜,pān,会意,手,19,引也,
1038,瀣,瀣,xiè,会意,水,19,沆韰，气也,
1039,醯,醯,xī,会意,酉,19,酸也。作醯以𩱙以酒,
1040,霭,靄,ǎi,会意,雨,19,雲皃,
1041,矍,矍,jué,会意,目,20,隹欲逸走也,
1042,鬒,㐱,zhěn,会意,髟,20,稠髮也,
1043,羼,羼,chàn,会意,羊,21,羊相厠也,
1044,夔,夔,kuí,会意,艸,21,神魖也。如龍，一足,
1045,蘸,蘸,zhàn,会意,艸,22,以物没水也。此蓋俗語,
1046,鬻,鬻,zhōu,会意,鬲,22,䭈也,
1047,矗,矗,chù,会意,目,24,齊也（出《玉篇》）,
1048,蠹,蠹,dù,会意,虫,24,木中蟲,
1049,戆,戇,zhuàng,会意,心,25,愚也,
1050,爨,爨,cuàn,会意,火,30,齊謂之炊爨。𦥑象持甑，冂爲竈口，廾推林内火,
1051,一,一,yī,指事,一,1,数之始，以横画表示数目一,
1052,八,八,bā,指事,八,2,分别相背之形，以两画相背表示分开,
1053,九,九,jiǔ,指事,乙,2,肘关节弯曲之形（肘的本字），假借为数目九,
1054,了,了,le/liǎo,指事,乙,2,尦也,
1055,七,七,qī,指事,一,2,切，以横画加竖表示切断,
1056,十,十,shí,指事,十,2,横竖相交表示数目十,
1057,二,二,èr,指事,二,2,地之数也，以两横画表示数目二,
1058,才,才,cái,指事,一,3,草木初生，才即材的本字,
1059,寸,寸,cùn,指事,寸,3,十分也。人手卻一寸，動𧖴，謂之寸口,
1060,大,大,dà/dài,指事,大,3,正面站立的人形，表示形体之大,
1061,千,千,qiān,指事,十,3,人加一横，表示一千,
1062,刃,刃,rèn,指事,刀,3,刀堅也。象刀有刃之形,
1063,上,上,shàng,指事,一,3,在基准线之上，短横在长横之上,
1064,三,三,sān,指事,一,3,天地人之道也，以三横画表示数目三,
1065,下,下,xià,指事,一,3,在基准线之下，短横在长横之下,
1066,小,小,xiǎo,指事,小,3,细微之物，以三点或三竖表微小,
1067,夕,夕,xī,指事,夕,3,莫也,
1068,于,於,yú,指事,一,3,气欲舒出而受阻，引申为介词,
1069,丫,丫,yā,指事,丨,3,物之岐頭（出《康熙字典》）,
1070,之,之,zhī,指事,丶,3,脚离开地面前行(往)，止下一横为地,
1071,乏,乏,fá,指事,丿,4,反正（不正）,
1072,夫,夫,fū,指事,一,4,大人（成年男子），一横表簪子,
1073,六,六,liù,指事,八,4,棚屋之形，假借为数目六,
1074,廿,廿,niàn,指事,廾,4,二十并也。古文省,
1075,片,片,piàn/piān,指事,片,4,劈开的木片（半木）,
1076,卅,卅,sà,指事,十,4,三十并也。古文省,
1077,天,天,tiān,指事,大,4,人的头顶上方，引申为天空、上天,
1078,太,太,tài,指事,大,4,极大、过度,
1079,王,王,wáng,指事,玉,4,斧钺之形，象征权力和君王,
1080,五,五,wǔ,指事,二,4,天地交午，交错之形,
1081,中,中,zhōng/zhòng,指事,丨,4,旗帜，中间有竖贯穿表示中央,
1082,必,必,bì,指事,心,5,戈柄中间穿孔（柲的本字），引申为一定,
1083,本,本,běn,指事,木,5,木下加横指事，表示树根,
1084,旦,旦,dàn,指事,日,5,明也,
1085,甘,甘,gān,指事,甘,5,美也,
1086,乎,乎,hū,指事,丿,5,語之餘也,
1087,卡,卡,kǎ/qiǎ,指事,卜,5,楚屬關隘地方設兵立塘，謂之守卡（出《康熙字典》）,
1088,立,立,lì,指事,立,5,人站立于地上，大人下一横为地,
1089,民,民,mín,指事,氏,5,刺瞎眼睛的奴隶，引申为被统治者,
1090,末,末,mò,指事,木,5,木上曰末,
1091,母,母,mǔ,指事,毋,5,女子突出两点表示乳房，哺乳的母亲,
1092,示,示,shì,指事,示,5,神主牌位（T形木表），表示神祇,
1093,世,世,shì,指事,一,5,三十年爲一世。从卅而曳長之。亦取其聲也,
1094,四,四,sì,指事,囗,5,四横画表示数目四,
1095,玉,玉,yù,指事,玉,5,一串玉片，用绳子串起,
1096,只,只,zhǐ/zhī,指事,口,5,語巳詞也,
1097,百,百,bǎi,指事,白,6,一百,
1098,血,血,xiě/xuè,指事,血,6,器皿中盛血，表示血液,
1099,亦,亦,yì,指事,亠,6,人之臂亦也,
1100,弟,弟,dì,指事,弓,7,束韦（皮绳）有次第，表示次序,
1101,卒,卒,zú,指事,十,8,隸人給事者衣爲卒。卒，衣有題識者,
